date,occupied_rooms,average_base_price,season_percentage,offer_percentage,is_holiday
2024-01-01,59,102.5,30,0,0
2024-01-02,60,101.11,0,10,0
2024-01-03,48,99.63,0,0,0
2024-01-04,73,98.46,0,0,0
2024-01-05,67,102.46,30,10,1
2024-01-06,54,96.45,15,10,0
2024-01-07,65,96.67,0,0,0
2024-01-08,71,100.69,0,0,1
2024-01-09,52,98.63,15,0,0
2024-01-10,67,102.99,0,0,0
2024-01-11,65,102.61,0,0,0
2024-01-12,65,98.25,0,0,0
2024-01-13,55,100.53,0,0,1
2024-01-14,55,100.83,0,0,0
2024-01-15,74,103.77,0,10,0
2024-01-16,64,104.63,0,0,0
2024-01-17,84,99.92,30,0,0
2024-01-18,80,98.71,0,0,0
2024-01-19,65,99.33,15,0,0
2024-01-20,69,97.18,0,0,0
2024-01-21,67,99.95,0,0,0
2024-01-22,68,96.23,0,0,0
2024-01-23,78,101.62,0,0,1
2024-01-24,66,103.19,0,0,0
2024-01-25,72,101.54,0,0,0
2024-01-26,65,98.34,0,0,0
2024-01-27,72,95.52,0,10,0
2024-01-28,77,98.48,0,0,0
2024-01-29,74,99.49,0,10,0
2024-01-30,90,102.19,0,0,0
2024-01-31,91,102.95,0,0,0
2024-02-01,81,102.01,0,0,0
2024-02-02,73,104.62,0,0,1
2024-02-03,73,99.08,0,0,0
2024-02-04,75,104.06,0,10,1
2024-02-05,67,97.14,0,0,0
2024-02-06,75,100.86,0,0,0
2024-02-07,90,105.22,0,0,0
2024-02-08,84,98.37,0,0,0
2024-02-09,74,99.1,30,10,0
2024-02-10,93,102.29,0,0,1
2024-02-11,77,99.16,0,0,1
2024-02-12,84,98.53,0,0,0
2024-02-13,76,97.48,0,0,0
2024-02-14,90,100.66,0,0,0
2024-02-15,79,104.44,0,0,0
2024-02-16,83,103.3,15,0,0
2024-02-17,84,100.46,15,0,1
2024-02-18,74,101.93,0,0,0
2024-02-19,94,98.28,0,0,0
2024-02-20,81,101.42,0,0,1
2024-02-21,100,104.43,0,0,0
2024-02-22,100,103.52,0,0,0
2024-02-23,87,102.3,0,0,0
2024-02-24,92,99.4,0,10,0
2024-02-25,97,100.44,0,10,0
2024-02-26,80,98.52,0,0,1
2024-02-27,89,96.61,0,0,0
2024-02-28,89,102.46,0,0,0
2024-02-29,94,98.31,0,0,0
2024-03-01,103,98.25,0,10,0
2024-03-02,93,104.53,15,0,1
2024-03-03,92,98.01,15,10,0
2024-03-04,86,102.9,0,0,0
2024-03-05,81,105.37,0,10,0
2024-03-06,89,98.54,0,0,0
2024-03-07,95,99.93,0,0,0
2024-03-08,86,95.99,15,0,0
2024-03-09,104,104.41,0,0,1
2024-03-10,103,99.91,0,0,1
2024-03-11,104,96.93,30,0,0
2024-03-12,92,99.33,0,0,1
2024-03-13,106,99.51,0,0,0
2024-03-14,109,105.55,15,10,0
2024-03-15,96,100.44,15,10,0
2024-03-16,108,103.99,0,0,1
2024-03-17,105,98.2,0,0,1
2024-03-18,85,103.86,0,0,0
2024-03-19,103,103.63,0,0,1
2024-03-20,97,96.79,30,0,0
2024-03-21,91,105.02,0,0,0
2024-03-22,99,105.51,0,0,0
2024-03-23,112,101.72,0,0,0
2024-03-24,92,101.86,0,0,0
2024-03-25,113,104.74,0,0,1
2024-03-26,91,104.88,30,0,0
2024-03-27,98,103.33,0,0,0
2024-03-28,103,101.99,0,0,0
2024-03-29,107,104.08,0,10,0
2024-03-30,99,102.31,0,0,0
2024-03-31,99,97.56,0,10,0
2024-04-01,99,99.54,30,10,0
2024-04-02,112,99.91,0,0,0
2024-04-03,96,99.45,0,10,0
2024-04-04,112,96.83,15,0,0
2024-04-05,95,102.01,0,10,0
2024-04-06,104,99.08,30,0,0
2024-04-07,96,98.09,0,0,0
2024-04-08,87,103.73,0,0,0
2024-04-09,89,96.47,0,0,0
2024-04-10,86,99.3,15,0,0
2024-04-11,90,99.16,0,0,1
2024-04-12,103,101.79,0,0,0
2024-04-13,99,99.4,0,0,1
2024-04-14,87,104.56,15,0,0
2024-04-15,95,104.93,15,20,0
2024-04-16,87,105.04,15,0,0
2024-04-17,86,104.17,0,10,0
2024-04-18,111,105.33,0,0,0
2024-04-19,103,105.42,0,0,0
2024-04-20,97,99.12,30,0,0
2024-04-21,83,98.21,0,0,0
2024-04-22,103,97.35,0,0,1
2024-04-23,94,99.5,0,0,0
2024-04-24,103,98.82,15,0,0
2024-04-25,96,105.15,0,0,0
2024-04-26,86,99.84,0,20,0
2024-04-27,82,97.3,0,0,0
2024-04-28,90,96.99,15,0,1
2024-04-29,92,102.21,30,0,0
2024-04-30,81,99.46,0,0,0
2024-05-01,88,104.64,0,0,0
2024-05-02,99,99.08,0,10,0
2024-05-03,105,103.96,0,0,0
2024-05-04,80,103.95,0,0,0
2024-05-05,97,102.61,15,0,1
2024-05-06,104,96.36,0,0,0
2024-05-07,95,99.86,15,0,0
2024-05-08,91,97.99,30,10,0
2024-05-09,92,96.7,15,0,0
2024-05-10,90,97.78,0,10,1
2024-05-11,88,99.18,0,0,1
2024-05-12,81,102.22,0,10,1
2024-05-13,102,97.55,0,0,0
2024-05-14,91,101.94,0,0,0
2024-05-15,103,97.5,30,0,0
2024-05-16,98,96.47,15,0,0
2024-05-17,90,100.08,0,0,0
2024-05-18,81,100.12,0,0,1
2024-05-19,87,101.3,0,0,1
2024-05-20,81,101.03,15,0,0
2024-05-21,97,97.11,0,10,0
2024-05-22,94,103.78,0,0,0
2024-05-23,93,104.26,0,0,0
2024-05-24,82,97.65,0,0,0
2024-05-25,89,106.15,0,0,0
2024-05-26,75,96.63,15,0,0
2024-05-27,93,104.75,0,0,0
2024-05-28,79,103.09,0,0,0
2024-05-29,67,97.04,0,0,0
2024-05-30,68,103.63,0,20,0
2024-05-31,71,103.16,0,20,0
2024-06-01,102,100.63,0,0,1
2024-06-02,105,104.54,15,10,0
2024-06-03,84,105.37,0,0,0
2024-06-04,87,100.2,0,0,0
2024-06-05,110,103.08,0,0,0
2024-06-06,84,100.76,0,10,0
2024-06-07,84,98.56,0,0,0
2024-06-08,102,106.29,15,0,0
2024-06-09,104,99.62,15,0,0
2024-06-10,89,101.67,0,0,1
2024-06-11,97,106.43,30,0,1
2024-06-12,93,98.69,0,0,0
2024-06-13,84,98.2,0,0,1
2024-06-14,83,97.25,0,0,1
2024-06-15,102,102.46,0,0,1
2024-06-16,79,98.21,30,0,0
2024-06-17,84,102.53,0,0,0
2024-06-18,101,99.09,0,0,0
2024-06-19,73,104.21,15,10,0
2024-06-20,76,99.37,15,0,0
2024-06-21,77,105.98,0,0,0
2024-06-22,76,99.76,0,10,0
2024-06-23,82,104.62,0,10,0
2024-06-24,76,96.94,0,20,0
2024-06-25,87,104.66,0,0,0
2024-06-26,75,101.13,0,0,0
2024-06-27,89,102.8,0,0,0
2024-06-28,89,105.71,0,0,0
2024-06-29,68,99.96,0,10,0
2024-06-30,86,98.5,0,0,0
2024-07-01,86,103.98,15,0,0
2024-07-02,80,102.05,0,0,0
2024-07-03,86,100.94,0,0,0
2024-07-04,70,98.82,0,0,0
2024-07-05,74,96.87,15,0,0
2024-07-06,81,103.75,0,0,0
2024-07-07,88,102.42,0,0,0
2024-07-08,88,101.13,15,0,0
2024-07-09,61,97.74,0,0,0
2024-07-10,77,99.36,15,10,0
2024-07-11,87,104.63,0,0,0
2024-07-12,60,106.06,0,0,0
2024-07-13,64,101.23,0,0,0
2024-07-14,62,101.95,15,0,0
2024-07-15,83,102.85,30,0,0
2024-07-16,62,99.06,30,0,0
2024-07-17,72,104.95,0,20,0
2024-07-18,67,99.75,0,10,0
2024-07-19,76,98.39,0,0,0
2024-07-20,66,105.23,0,0,0
2024-07-21,74,105.49,15,0,0
2024-07-22,58,98.61,0,0,0
2024-07-23,67,101.53,0,0,0
2024-07-24,72,105.99,30,10,1
2024-07-25,69,98.8,0,0,0
2024-07-26,63,99.5,0,0,0
2024-07-27,57,97.78,15,0,0
2024-07-28,62,101.79,0,0,0
2024-07-29,57,101.41,15,10,0
2024-07-30,74,103.34,0,0,0
2024-07-31,73,98.68,0,0,0
2024-08-01,62,99.37,0,0,0
2024-08-02,58,106.81,0,0,0
2024-08-03,46,101.6,15,0,0
2024-08-04,68,102.75,0,0,0
2024-08-05,63,104.71,15,0,0
2024-08-06,50,99.76,15,0,0
2024-08-07,55,98.57,0,0,0
2024-08-08,61,105.7,0,0,0
2024-08-09,60,98.71,0,0,0
2024-08-10,49,106.77,0,0,1
2024-08-11,43,102.26,0,0,1
2024-08-12,45,97.95,0,10,0
2024-08-13,61,98.38,0,0,0
2024-08-14,55,98.08,0,0,0
2024-08-15,66,105.85,0,10,0
2024-08-16,62,101.56,0,10,0
2024-08-17,37,100.14,0,20,0
2024-08-18,40,97.53,0,0,1
2024-08-19,50,100.22,0,10,0
2024-08-20,57,99.67,0,0,0
2024-08-21,45,97.24,0,0,1
2024-08-22,52,104.05,0,0,0
2024-08-23,59,99.67,15,0,0
2024-08-24,46,104.39,0,10,0
2024-08-25,59,102.35,0,0,0
2024-08-26,54,106.22,0,0,0
2024-08-27,60,105.96,0,0,1
2024-08-28,44,105.02,0,0,0
2024-08-29,31,97.5,0,0,0
2024-08-30,37,97.31,0,0,0
2024-08-31,36,101.9,15,0,0
2024-09-01,23,103.27,0,0,1
2024-09-02,10,102.14,0,10,0
2024-09-03,25,105.49,0,0,0
2024-09-04,20,102.25,30,0,0
2024-09-05,21,106.04,0,10,0
2024-09-06,35,106.21,0,10,0
2024-09-07,32,103.08,30,10,0
2024-09-08,21,105.4,0,0,1
2024-09-09,16,102.0,0,0,0
2024-09-10,26,100.58,0,0,0
2024-09-11,11,106.23,0,0,0
2024-09-12,14,104.2,0,0,0
2024-09-13,34,106.16,15,0,0
2024-09-14,7,106.06,0,0,0
2024-09-15,16,99.87,0,10,0
2024-09-16,18,102.76,30,0,1
2024-09-17,17,100.32,0,0,0
2024-09-18,12,106.95,0,10,0
2024-09-19,19,97.69,0,0,0
2024-09-20,5,104.45,0,0,1
2024-09-21,26,102.74,0,0,0
2024-09-22,22,101.22,0,10,0
2024-09-23,9,105.51,0,0,0
2024-09-24,26,103.1,0,0,0
2024-09-25,13,101.94,15,0,0
2024-09-26,28,100.74,0,0,0
2024-09-27,13,100.9,15,0,1
2024-09-28,12,104.63,0,0,0
2024-09-29,20,103.34,0,10,0
2024-09-30,32,98.81,30,0,0
2024-10-01,29,102.09,15,10,0
2024-10-02,33,105.41,0,0,1
2024-10-03,15,98.85,0,10,0
2024-10-04,12,103.33,0,0,0
2024-10-05,20,101.16,15,0,0
2024-10-06,28,107.15,0,0,0
2024-10-07,25,98.58,0,0,0
2024-10-08,9,106.42,30,10,0
2024-10-09,16,105.39,0,10,0
2024-10-10,26,105.96,0,10,0
2024-10-11,26,103.55,0,0,0
2024-10-12,14,97.74,30,10,0
2024-10-13,16,99.07,15,10,0
2024-10-14,24,102.61,0,10,0
2024-10-15,35,99.12,15,0,0
2024-10-16,18,97.86,30,0,0
2024-10-17,25,97.87,0,0,1
2024-10-18,19,107.5,15,0,0
2024-10-19,17,107.13,30,0,0
2024-10-20,22,103.6,0,0,0
2024-10-21,14,102.89,0,0,0
2024-10-22,20,100.23,0,0,0
2024-10-23,14,107.3,0,0,1
2024-10-24,17,98.27,30,0,0
2024-10-25,24,102.76,0,0,1
2024-10-26,8,101.91,15,10,0
2024-10-27,24,106.08,15,0,1
2024-10-28,11,98.67,0,0,0
2024-10-29,12,101.53,15,0,0
2024-10-30,14,99.22,0,0,0
2024-10-31,19,103.28,15,10,0
2024-11-01,17,100.15,0,10,0
2024-11-02,24,106.71,0,0,0
2024-11-03,24,101.34,0,0,0
2024-11-04,21,100.61,15,0,0
2024-11-05,12,106.62,15,0,0
2024-11-06,12,99.38,0,0,0
2024-11-07,12,101.06,0,0,0
2024-11-08,21,98.63,0,0,0
2024-11-09,27,102.28,30,0,0
2024-11-10,40,106.64,0,0,0
2024-11-11,40,107.16,15,10,0
2024-11-12,37,107.18,0,0,0
2024-11-13,30,101.37,0,0,0
2024-11-14,21,101.84,0,0,0
2024-11-15,29,101.38,0,0,0
2024-11-16,18,102.86,0,10,1
2024-11-17,34,100.05,15,0,0
2024-11-18,22,107.29,15,0,1
2024-11-19,31,98.2,0,0,0
2024-11-20,27,98.58,0,0,0
2024-11-21,36,100.73,0,0,0
2024-11-22,37,100.42,0,0,0
2024-11-23,40,104.1,0,0,0
2024-11-24,45,106.12,0,10,0
2024-11-25,34,107.4,0,0,1
2024-11-26,38,103.78,15,0,0
2024-11-27,31,99.8,0,0,0
2024-11-28,47,101.18,30,0,0
2024-11-29,24,107.01,30,0,0
2024-11-30,37,106.44,0,20,0
2024-12-01,63,107.58,0,0,0
2024-12-02,68,107.63,30,0,0
2024-12-03,51,106.01,15,0,1
2024-12-04,75,98.48,15,0,0
2024-12-05,73,99.89,30,10,0
2024-12-06,54,104.19,30,0,0
2024-12-07,64,101.25,0,0,0
2024-12-08,58,102.23,30,0,1
2024-12-09,51,107.62,0,0,1
2024-12-10,76,104.81,0,0,0
2024-12-11,75,105.38,15,0,0
2024-12-12,65,104.02,0,0,0
2024-12-13,55,101.54,0,0,0
2024-12-14,78,105.59,0,0,0
2024-12-15,60,106.0,0,0,0
2024-12-16,54,98.56,0,0,1
2024-12-17,78,107.35,0,20,0
2024-12-18,72,107.54,0,0,0
2024-12-19,58,105.43,0,0,0
2024-12-20,75,101.48,0,0,0
2024-12-21,59,99.9,0,0,0
2024-12-22,63,103.89,0,0,1
2024-12-23,80,107.03,0,0,1
2024-12-24,82,105.24,0,0,0
2024-12-25,63,103.5,0,0,0
2024-12-26,69,108.24,15,10,0
2024-12-27,66,99.49,15,20,0
2024-12-28,91,100.17,0,0,1
2024-12-29,83,100.62,0,0,0
2024-12-30,67,104.5,15,0,0
2024-12-31,71,104.34,30,0,0
2025-01-01,50,106.68,15,0,0
2025-01-02,75,105.53,0,0,1
2025-01-03,55,99.92,0,0,0
2025-01-04,76,99.19,0,0,1
2025-01-05,72,101.71,0,10,1
2025-01-06,53,103.22,0,0,0
2025-01-07,75,103.96,0,0,0
2025-01-08,70,107.86,0,0,0
2025-01-09,72,107.01,0,0,0
2025-01-10,78,104.13,15,0,0
2025-01-11,63,101.3,0,0,1
2025-01-12,56,101.86,15,20,0
2025-01-13,75,100.43,0,0,0
2025-01-14,81,101.01,0,0,0
2025-01-15,76,105.11,0,0,0
2025-01-16,65,106.21,0,0,0
2025-01-17,77,99.23,0,10,0
2025-01-18,66,104.14,0,0,0
2025-01-19,58,99.52,0,0,0
2025-01-20,62,105.66,0,0,1
2025-01-21,64,106.63,15,0,0
2025-01-22,67,106.69,0,0,0
2025-01-23,88,100.03,15,0,0
2025-01-24,75,101.09,0,20,0
2025-01-25,81,99.16,15,0,0
2025-01-26,66,103.02,15,0,0
2025-01-27,73,104.78,0,0,0
2025-01-28,67,101.35,0,0,0
2025-01-29,86,102.19,15,0,0
2025-01-30,81,99.18,0,0,0
2025-01-31,82,104.79,30,0,0
2025-02-01,83,102.64,0,20,0
2025-02-02,69,98.75,0,0,0
2025-02-03,67,102.16,0,0,0
2025-02-04,72,105.6,0,0,0
2025-02-05,73,107.32,0,0,0
2025-02-06,81,107.17,0,0,0
2025-02-07,98,103.16,0,0,0
2025-02-08,89,102.35,0,0,0
2025-02-09,72,100.61,15,20,0
2025-02-10,94,100.11,0,0,0
2025-02-11,76,105.97,0,0,0
2025-02-12,85,99.0,15,10,1
2025-02-13,88,107.75,15,0,0
2025-02-14,72,108.52,0,10,0
2025-02-15,98,103.06,0,0,0
2025-02-16,95,105.78,0,10,0
2025-02-17,81,98.84,15,10,1
2025-02-18,86,102.94,0,0,0
2025-02-19,76,105.67,0,0,0
2025-02-20,87,104.96,0,0,0
2025-02-21,89,104.32,0,10,0
2025-02-22,98,102.5,0,10,1
2025-02-23,83,108.37,0,0,0
2025-02-24,99,104.8,0,10,0
2025-02-25,87,102.33,0,0,0
2025-02-26,99,103.01,0,0,0
2025-02-27,95,100.74,0,10,0
2025-02-28,86,104.83,0,10,1
2025-03-01,86,104.62,0,0,1
2025-03-02,96,107.03,15,0,0
2025-03-03,108,104.42,30,0,0
2025-03-04,81,102.65,0,10,0
2025-03-05,108,101.73,15,0,0
2025-03-06,91,107.3,30,0,0
2025-03-07,100,107.33,15,0,0
2025-03-08,101,101.68,0,0,0
2025-03-09,104,108.58,0,0,0
2025-03-10,96,108.89,30,0,0
2025-03-11,110,103.69,0,0,1
2025-03-12,86,107.13,0,0,0
2025-03-13,91,102.87,15,0,0
2025-03-14,100,104.05,0,0,0
2025-03-15,97,102.75,15,0,0
2025-03-16,112,107.43,0,0,0
2025-03-17,106,100.22,15,0,0
2025-03-18,111,103.93,0,20,0
2025-03-19,92,104.51,0,0,0
2025-03-20,107,99.32,0,0,0
2025-03-21,86,105.27,15,0,0
2025-03-22,100,100.26,15,0,0
2025-03-23,91,108.15,30,0,1
2025-03-24,95,101.14,0,0,1
2025-03-25,102,106.5,15,0,0
2025-03-26,106,108.76,0,0,1
2025-03-27,101,102.04,15,0,1
2025-03-28,90,103.06,0,10,0
2025-03-29,90,106.61,30,0,1
2025-03-30,96,108.77,30,10,0
2025-03-31,107,106.02,0,0,0
2025-04-01,91,102.77,0,10,1
2025-04-02,88,100.49,15,0,0
2025-04-03,93,101.57,0,0,0
2025-04-04,109,108.34,30,0,0
2025-04-05,112,99.47,30,0,0
2025-04-06,94,103.01,0,0,0
2025-04-07,100,108.51,0,0,1
2025-04-08,109,108.78,0,20,0
2025-04-09,90,99.98,0,10,0
2025-04-10,89,100.93,0,10,0
2025-04-11,91,99.42,30,0,0
2025-04-12,92,101.64,15,0,0
2025-04-13,109,101.29,0,0,1
2025-04-14,112,103.39,15,0,0
2025-04-15,100,109.08,30,0,0
2025-04-16,101,107.3,15,0,0
2025-04-17,87,101.38,30,10,1
2025-04-18,98,101.14,15,0,0
2025-04-19,99,102.29,0,0,1
2025-04-20,100,104.94,0,0,0
2025-04-21,110,109.23,0,0,0
2025-04-22,108,108.74,0,0,1
2025-04-23,89,108.73,0,0,0
2025-04-24,83,108.92,15,0,0
2025-04-25,98,100.76,15,0,0
2025-04-26,90,99.61,0,10,1
2025-04-27,86,101.69,0,0,0
2025-04-28,89,107.25,0,0,0
2025-04-29,89,109.24,0,0,0
2025-04-30,80,100.61,0,10,0
2025-05-01,92,107.59,0,10,0
2025-05-02,98,103.39,30,0,0
2025-05-03,87,99.58,0,0,0
2025-05-04,92,103.19,0,0,1
2025-05-05,107,104.77,15,0,0
2025-05-06,87,108.54,0,0,0
2025-05-07,101,101.69,0,0,0
2025-05-08,79,106.5,0,10,0
2025-05-09,79,101.65,0,0,0
2025-05-10,79,107.86,0,0,0
2025-05-11,76,107.48,0,0,0
2025-05-12,90,106.33,0,0,0
2025-05-13,91,104.39,30,0,0
2025-05-14,95,105.36,0,0,0
2025-05-15,74,104.06,15,20,0
2025-05-16,98,104.88,0,0,0
2025-05-17,98,108.36,15,10,1
2025-05-18,90,102.08,0,0,0
2025-05-19,101,105.86,0,0,0
2025-05-20,75,107.28,0,0,0
2025-05-21,83,100.11,0,0,0
2025-05-22,90,104.01,0,20,0
2025-05-23,83,104.78,30,0,0
2025-05-24,85,100.1,15,0,1
2025-05-25,91,109.64,0,0,0
2025-05-26,77,104.8,15,0,0
2025-05-27,69,100.19,0,10,0
2025-05-28,86,101.62,0,0,0
2025-05-29,71,104.76,0,10,0
2025-05-30,79,108.32,0,10,0
2025-05-31,81,102.29,15,0,1
2025-06-01,106,107.26,0,0,0
2025-06-02,102,103.92,15,0,0
2025-06-03,93,103.68,0,10,0
2025-06-04,101,104.07,0,0,0
2025-06-05,100,106.63,0,0,0
2025-06-06,99,106.46,15,0,0
2025-06-07,98,108.98,0,0,0
2025-06-08,81,106.31,0,0,0
2025-06-09,108,101.26,15,0,0
2025-06-10,86,105.59,0,0,0
2025-06-11,108,108.51,0,0,1
2025-06-12,97,101.89,0,0,0
2025-06-13,92,102.53,15,0,0
2025-06-14,81,106.67,0,0,1
2025-06-15,90,101.59,15,0,0
2025-06-16,99,105.34,15,10,0
2025-06-17,84,106.46,15,0,0
2025-06-18,82,100.67,15,0,0
2025-06-19,93,100.84,30,0,0
2025-06-20,92,102.89,0,0,0
2025-06-21,101,103.11,15,0,1
2025-06-22,72,104.19,0,10,0
2025-06-23,77,106.02,30,0,0
2025-06-24,88,103.94,15,0,0
2025-06-25,79,100.03,15,0,0
2025-06-26,70,103.24,0,10,0
2025-06-27,88,109.59,0,0,0
2025-06-28,91,104.22,15,0,1
2025-06-29,83,108.84,0,0,0
2025-06-30,71,105.61,15,0,0
2025-07-01,89,104.99,0,0,0
2025-07-02,90,102.08,0,0,0
2025-07-03,76,103.2,30,0,0
2025-07-04,86,107.13,0,0,0
2025-07-05,91,102.39,15,10,0
2025-07-06,66,107.7,0,0,0
2025-07-07,77,104.74,30,10,0
2025-07-08,60,109.31,0,0,0
2025-07-09,63,101.68,0,0,0
2025-07-10,71,100.86,0,0,0
2025-07-11,75,102.51,15,10,0
2025-07-12,69,106.31,15,0,0
2025-07-13,70,100.17,15,0,0
2025-07-14,81,102.12,15,0,0
2025-07-15,59,109.03,0,0,0
2025-07-16,69,101.28,0,0,0
2025-07-17,58,102.75,0,10,0
2025-07-18,69,106.46,0,0,0
2025-07-19,73,108.53,0,0,0
2025-07-20,69,100.23,0,0,0
2025-07-21,79,103.77,0,0,0
2025-07-22,72,107.51,0,0,0
2025-07-23,65,106.98,0,0,0
2025-07-24,51,109.39,0,10,0
2025-07-25,51,108.24,0,0,0
2025-07-26,58,108.93,0,0,0
2025-07-27,59,103.54,0,0,0
2025-07-28,69,106.64,0,0,0
2025-07-29,56,101.35,30,10,0
2025-07-30,67,102.49,0,0,0
2025-07-31,53,107.47,0,0,0
2025-08-01,70,106.06,15,0,0
2025-08-02,59,109.83,0,0,1
2025-08-03,71,104.82,0,0,0
2025-08-04,47,101.21,0,0,0
2025-08-05,50,107.98,0,10,0
2025-08-06,45,104.41,0,0,0
2025-08-07,43,110.06,15,10,0
2025-08-08,67,103.1,0,0,0
2025-08-09,65,106.8,0,0,0
2025-08-10,62,101.81,0,0,0
2025-08-11,44,103.8,0,10,0
2025-08-12,43,103.07,0,0,0
2025-08-13,39,107.42,0,0,0
2025-08-14,66,103.38,0,10,0
2025-08-15,64,108.2,0,0,0
2025-08-16,54,109.49,0,10,0
2025-08-17,55,108.92,0,0,1
2025-08-18,58,110.05,0,0,0
2025-08-19,38,101.67,30,0,0
2025-08-20,44,101.79,0,0,0
2025-08-21,61,105.5,0,0,0
2025-08-22,58,106.23,15,0,0
2025-08-23,56,103.24,15,0,0
2025-08-24,33,108.17,15,10,1
2025-08-25,34,104.6,0,0,0
2025-08-26,37,107.11,0,10,1
2025-08-27,51,107.65,0,0,0
2025-08-28,56,108.16,0,10,0
2025-08-29,32,107.65,30,0,0
2025-08-30,51,108.51,0,20,0
2025-08-31,41,105.18,0,0,0
2025-09-01,38,106.05,0,0,0
2025-09-02,11,102.55,15,20,0
2025-09-03,29,109.32,15,0,0
2025-09-04,9,104.79,0,0,0
2025-09-05,21,104.1,15,0,0
2025-09-06,32,109.59,15,10,0
2025-09-07,29,102.85,15,0,0
2025-09-08,13,108.84,0,10,0
2025-09-09,34,106.46,0,20,0
2025-09-10,32,103.39,30,0,0
2025-09-11,35,102.38,0,0,0
2025-09-12,8,103.1,0,0,0
2025-09-13,32,103.06,0,0,1
2025-09-14,28,102.61,0,0,1
2025-09-15,34,110.18,0,0,0
2025-09-16,18,109.08,30,0,0
2025-09-17,33,102.03,0,10,0
2025-09-18,17,110.19,0,0,0
2025-09-19,21,106.39,0,0,0
2025-09-20,8,109.58,0,0,1
2025-09-21,19,100.84,0,0,1
2025-09-22,11,102.69,0,0,0
2025-09-23,21,105.52,0,0,0
2025-09-24,24,109.85,0,10,0
2025-09-25,34,107.18,0,0,0
2025-09-26,6,103.36,0,0,0
2025-09-27,5,107.77,0,0,1
2025-09-28,15,106.6,0,10,0
2025-09-29,22,100.83,0,0,0
2025-09-30,30,104.61,0,0,0
2025-10-01,31,108.49,15,0,0
2025-10-02,15,102.12,30,0,1
2025-10-03,13,109.79,0,0,0
2025-10-04,31,101.19,0,10,0
2025-10-05,29,102.02,0,0,0
2025-10-06,18,105.11,15,0,1
2025-10-07,33,102.23,0,0,0
2025-10-08,13,101.08,15,10,0
2025-10-09,19,110.86,0,0,0
2025-10-10,29,103.87,0,10,0
2025-10-11,28,110.03,0,0,0
2025-10-12,14,103.27,0,0,0
2025-10-13,29,105.36,0,0,0
2025-10-14,21,106.34,15,0,0
2025-10-15,24,101.87,15,0,0
2025-10-16,8,102.91,0,0,0
2025-10-17,8,103.26,0,0,0
2025-10-18,12,105.62,0,0,0
2025-10-19,34,110.07,0,0,0
2025-10-20,16,109.28,15,0,0
2025-10-21,12,108.67,0,10,0
2025-10-22,36,102.92,0,0,0
2025-10-23,33,103.72,0,0,0
2025-10-24,31,108.94,0,10,0
2025-10-25,22,107.8,15,20,0
2025-10-26,33,104.27,0,0,0
2025-10-27,33,105.84,0,0,0
2025-10-28,11,110.73,0,0,0
2025-10-29,10,103.33,0,0,0
2025-10-30,14,102.57,15,0,0
2025-10-31,38,101.95,30,0,0
2025-11-01,31,103.86,0,0,0
2025-11-02,19,105.17,0,0,1
2025-11-03,36,104.3,15,20,0
2025-11-04,17,102.67,0,0,0
2025-11-05,35,108.21,0,10,0
2025-11-06,28,102.63,15,0,0
2025-11-07,19,109.42,0,0,0
2025-11-08,38,101.34,0,0,0
2025-11-09,41,110.68,0,0,0
2025-11-10,33,107.5,0,0,0
2025-11-11,40,104.05,0,0,0
2025-11-12,37,106.01,15,0,0
2025-11-13,25,105.87,0,0,0
2025-11-14,21,106.21,0,0,0
2025-11-15,37,105.51,0,10,0
2025-11-16,21,102.12,0,0,0
2025-11-17,40,107.37,0,0,1
2025-11-18,33,106.01,0,0,0
2025-11-19,38,108.95,15,0,0
2025-11-20,27,109.19,0,0,0
2025-11-21,29,107.75,0,0,0
2025-11-22,38,104.32,0,0,0
2025-11-23,23,104.58,0,0,0
2025-11-24,40,107.26,0,0,0
2025-11-25,22,109.89,0,0,1
2025-11-26,43,110.73,0,20,0
2025-11-27,36,108.06,0,10,0
2025-11-28,32,109.67,0,10,0
2025-11-29,45,108.19,0,0,0
2025-11-30,29,102.76,0,0,1
2025-12-01,68,105.93,0,10,0
2025-12-02,49,107.64,30,0,0
2025-12-03,56,103.64,0,0,0
2025-12-04,69,109.97,0,0,0
2025-12-05,53,107.27,0,0,0
2025-12-06,48,104.61,15,10,0
2025-12-07,69,108.72,0,10,1
2025-12-08,57,104.77,0,0,1
2025-12-09,59,107.47,15,0,0
2025-12-10,68,103.31,0,0,0
2025-12-11,73,103.04,15,0,0
2025-12-12,54,106.41,15,0,0
2025-12-13,61,110.72,0,10,1
2025-12-14,73,105.02,15,0,0
2025-12-15,79,109.91,0,0,0
2025-12-16,79,106.53,15,10,0
2025-12-17,69,106.99,15,0,0
2025-12-18,78,109.42,0,0,1
2025-12-19,65,109.39,0,20,0
2025-12-20,57,104.16,0,0,0
2025-12-21,61,103.04,0,0,0
2025-12-22,59,104.86,0,10,0
2025-12-23,72,104.9,30,0,0
2025-12-24,87,107.11,0,0,0
2025-12-25,74,106.24,0,20,0
2025-12-26,70,106.86,0,0,1
2025-12-27,68,104.31,0,0,0
2025-12-28,75,104.35,15,10,1
2025-12-29,77,103.37,0,0,0
2025-12-30,91,103.33,30,0,0
2025-12-31,91,109.63,15,0,0
2026-01-01,67,107.56,0,20,0
2026-01-02,46,106.35,0,0,0
2026-01-03,50,105.85,15,0,1
2026-01-04,66,106.09,30,20,0
2026-01-05,61,108.32,15,10,0
2026-01-06,53,101.98,0,0,0
2026-01-07,66,111.5,0,0,0
2026-01-08,66,104.33,0,0,0
2026-01-09,57,107.9,15,10,0
2026-01-10,71,106.9,0,10,0
2026-01-11,56,110.42,0,0,0
2026-01-12,70,104.81,0,0,0
2026-01-13,80,105.04,0,0,0
2026-01-14,58,102.77,0,10,0
2026-01-15,71,106.75,0,0,0
2026-01-16,83,109.58,30,0,0
2026-01-17,64,103.84,15,0,0
2026-01-18,56,104.08,0,0,0
2026-01-19,81,107.46,0,10,0
2026-01-20,70,104.07,0,0,0
2026-01-21,72,111.13,0,10,0
2026-01-22,74,103.69,0,10,0
2026-01-23,66,108.61,0,0,0
2026-01-24,81,105.47,0,0,0
2026-01-25,70,111.49,0,0,0
2026-01-26,69,105.73,0,0,0
2026-01-27,62,104.18,0,0,0
2026-01-28,75,104.37,0,0,0
2026-01-29,90,102.35,15,0,0
2026-01-30,75,111.41,0,0,0
2026-01-31,68,109.81,15,0,1
2026-02-01,84,103.48,15,0,0
2026-02-02,84,105.15,30,0,0
2026-02-03,73,109.74,30,0,0
2026-02-04,83,106.2,30,0,1
2026-02-05,71,103.4,0,0,1
2026-02-06,91,110.13,0,0,0
2026-02-07,80,102.72,0,10,1
2026-02-08,90,105.33,0,0,0
2026-02-09,81,111.27,0,0,0
2026-02-10,96,108.07,0,0,0
2026-02-11,99,108.77,0,0,0
2026-02-12,92,106.48,0,0,0
2026-02-13,90,110.53,0,0,0
2026-02-14,78,105.22,0,0,0
2026-02-15,99,109.53,0,0,0
2026-02-16,93,105.76,0,0,0
2026-02-17,88,102.98,0,0,0
2026-02-18,82,106.7,0,0,0
2026-02-19,93,102.23,0,10,0
2026-02-20,97,103.06,0,0,0
2026-02-21,76,107.73,15,0,0
2026-02-22,87,111.32,0,10,0
2026-02-23,83,102.42,0,10,0
2026-02-24,90,104.64,0,0,0
2026-02-25,98,108.16,0,0,0
2026-02-26,82,103.67,15,0,0
2026-02-27,88,112.09,0,0,0
2026-02-28,93,102.33,0,20,1
2026-03-01,106,108.06,30,0,0
2026-03-02,93,108.8,30,0,0
2026-03-03,91,107.63,0,0,0
2026-03-04,90,109.42,30,0,0
2026-03-05,87,103.77,30,0,0
2026-03-06,99,104.42,0,0,0
2026-03-07,109,111.59,0,0,0
2026-03-08,83,109.97,0,10,0
2026-03-09,82,108.59,0,0,1
2026-03-10,103,111.1,0,10,0
2026-03-11,92,108.13,0,0,0
2026-03-12,110,108.7,30,0,0
2026-03-13,83,111.59,0,0,0
2026-03-14,87,111.29,0,0,1
2026-03-15,100,103.07,0,0,1
2026-03-16,88,103.74,0,0,0
2026-03-17,108,108.49,0,0,0
2026-03-18,104,104.81,0,0,1
2026-03-19,99,106.39,15,0,0
2026-03-20,103,110.02,0,10,0
2026-03-21,90,104.47,15,0,0
2026-03-22,110,104.1,15,20,0
2026-03-23,107,111.96,0,0,0
2026-03-24,87,107.5,0,0,0
2026-03-25,100,109.82,0,10,0
2026-03-26,110,106.88,15,0,0
2026-03-27,95,107.4,0,0,0
2026-03-28,101,105.76,15,0,1
2026-03-29,87,102.76,0,0,0
2026-03-30,94,103.95,0,0,0
2026-03-31,113,108.09,0,0,0
2026-04-01,85,105.07,0,0,0
2026-04-02,85,108.73,30,0,0
2026-04-03,86,105.62,30,0,0
2026-04-04,102,107.32,0,0,0
2026-04-05,98,105.89,0,0,1
2026-04-06,104,104.73,15,0,0
2026-04-07,84,106.69,15,0,0
2026-04-08,108,107.22,0,10,0
2026-04-09,103,108.83,0,0,1
2026-04-10,109,105.16,0,0,0
2026-04-11,93,104.31,30,0,0
2026-04-12,107,104.72,0,0,1
2026-04-13,93,112.56,15,10,0
2026-04-14,106,104.18,15,20,0
2026-04-15,84,112.48,0,0,0
2026-04-16,88,104.32,0,0,0
2026-04-17,95,107.14,15,0,0
2026-04-18,105,111.08,0,10,0
2026-04-19,112,109.98,15,0,0
2026-04-20,101,110.23,15,0,1
2026-04-21,94,104.67,0,10,0
2026-04-22,82,110.72,0,10,0
2026-04-23,99,111.0,0,0,0
2026-04-24,89,110.88,0,0,0
2026-04-25,103,110.01,15,0,0
2026-04-26,95,102.96,0,0,0
2026-04-27,89,106.75,0,10,1
2026-04-28,81,109.57,0,0,0
2026-04-29,92,111.14,0,10,0
2026-04-30,89,107.66,30,0,0
2026-05-01,94,112.61,0,10,0
2026-05-02,107,102.86,0,0,0
2026-05-03,91,102.97,15,0,0
2026-05-04,105,105.39,0,0,1
2026-05-05,92,112.31,0,20,0
2026-05-06,83,110.24,30,0,0
2026-05-07,80,103.17,0,10,0
2026-05-08,87,112.28,15,0,0
2026-05-09,105,103.8,0,0,0
2026-05-10,101,109.31,0,10,0
2026-05-11,100,105.69,0,0,0
2026-05-12,95,109.74,0,10,0
2026-05-13,89,106.53,0,0,0
2026-05-14,94,107.4,0,0,0
2026-05-15,95,112.79,0,0,0
2026-05-16,75,104.91,0,0,0
2026-05-17,96,106.78,30,0,0
2026-05-18,81,110.56,0,0,0
2026-05-19,89,112.07,0,20,0
2026-05-20,82,105.27,15,0,0
2026-05-21,86,105.98,0,0,0
2026-05-22,86,104.87,0,10,0
2026-05-23,85,109.38,30,10,0
2026-05-24,97,103.25,15,0,1
2026-05-25,90,110.6,0,0,0
2026-05-26,73,111.29,0,0,0
2026-05-27,81,103.23,15,20,0
2026-05-28,93,103.67,0,0,0
2026-05-29,79,106.75,0,10,0
2026-05-30,76,111.18,0,0,1
2026-05-31,81,103.45,0,10,1
2026-06-01,99,106.99,0,10,0
2026-06-02,110,111.49,0,0,0
2026-06-03,87,109.32,0,0,0
2026-06-04,85,106.02,30,0,0
2026-06-05,98,108.56,30,0,0
2026-06-06,93,103.69,0,10,1
2026-06-07,94,112.0,0,0,0
2026-06-08,81,106.15,0,0,0
2026-06-09,92,104.11,15,0,0
2026-06-10,97,105.32,0,0,0
2026-06-11,85,107.0,15,0,0
2026-06-12,90,112.32,15,10,1
2026-06-13,88,105.34,0,0,0
2026-06-14,102,105.38,0,0,0
2026-06-15,94,112.78,0,0,0
2026-06-16,90,110.76,0,0,0
2026-06-17,102,112.92,0,20,0
2026-06-18,102,112.57,0,0,0
2026-06-19,77,106.71,15,20,1
2026-06-20,82,107.5,0,0,1
2026-06-21,79,110.0,0,0,0
2026-06-22,81,104.19,15,0,0
2026-06-23,82,104.84,0,0,1
2026-06-24,90,108.04,0,20,1
2026-06-25,92,112.55,0,0,1
2026-06-26,72,107.97,0,0,0
2026-06-27,97,105.93,0,0,0
2026-06-28,82,109.17,0,0,1
2026-06-29,79,104.36,0,0,0
2026-06-30,85,103.52,0,0,0
2026-07-01,80,105.03,0,0,0
2026-07-02,81,106.72,0,20,0
2026-07-03,87,109.56,15,0,1
2026-07-04,65,112.16,0,0,1
2026-07-05,91,106.61,0,10,0
2026-07-06,85,108.29,15,0,0
2026-07-07,82,113.22,30,20,0
2026-07-08,68,111.05,0,0,0
2026-07-09,70,112.29,0,0,0
2026-07-10,83,103.58,0,0,0
2026-07-11,59,112.86,30,0,0
2026-07-12,72,107.01,0,0,0
2026-07-13,60,111.31,15,0,0
2026-07-14,57,106.54,15,0,0
2026-07-15,67,107.69,0,0,0
2026-07-16,58,108.87,15,0,0
2026-07-17,55,109.68,0,0,0
2026-07-18,59,112.67,0,0,0
2026-07-19,54,105.49,0,0,1
2026-07-20,71,108.33,15,0,0
2026-07-21,53,108.4,0,0,0
2026-07-22,72,109.46,30,0,0
2026-07-23,70,105.89,15,10,0
2026-07-24,75,108.0,0,10,1
2026-07-25,55,107.0,0,0,0
2026-07-26,50,109.28,0,0,0
2026-07-27,71,108.14,0,0,1
2026-07-28,74,106.62,0,10,0
2026-07-29,53,108.03,0,0,0
2026-07-30,53,112.84,0,0,0
2026-07-31,48,105.4,0,0,0
2026-08-01,63,105.42,15,0,0
2026-08-02,73,105.48,0,0,0
2026-08-03,57,108.44,15,0,1
2026-08-04,64,110.05,0,10,0
2026-08-05,70,105.91,0,10,0
2026-08-06,51,112.71,0,0,0
2026-08-07,41,111.36,0,0,0
2026-08-08,54,111.82,30,20,1
2026-08-09,66,111.32,0,0,1
2026-08-10,66,110.28,0,0,1
2026-08-11,42,106.43,0,0,0
2026-08-12,57,111.21,0,0,0
2026-08-13,39,105.84,0,0,1
2026-08-14,60,112.16,0,0,0
2026-08-15,39,113.42,0,0,0
2026-08-16,56,106.48,0,0,0
2026-08-17,55,110.42,0,0,0
2026-08-18,47,107.07,0,0,0
2026-08-19,42,104.67,0,0,0
2026-08-20,48,112.26,0,10,0
2026-08-21,63,105.06,0,0,0
2026-08-22,61,105.46,15,0,0
2026-08-23,36,104.63,0,10,0
2026-08-24,62,106.7,0,10,0
2026-08-25,56,112.35,15,20,1
2026-08-26,41,105.14,0,0,0
2026-08-27,51,104.94,0,0,0
2026-08-28,54,104.71,0,0,0
2026-08-29,56,105.56,0,0,1
2026-08-30,31,111.43,15,0,1
2026-08-31,40,106.34,0,0,0
2026-09-01,24,105.41,0,20,1
2026-09-02,24,105.93,0,0,0
2026-09-03,38,107.84,0,0,0
2026-09-04,38,111.43,0,0,0
2026-09-05,33,113.37,0,10,0
2026-09-06,36,113.65,0,10,0
2026-09-07,34,110.3,30,10,0
2026-09-08,20,112.04,0,0,0
2026-09-09,31,108.27,30,0,0
2026-09-10,15,105.84,15,0,1
2026-09-11,12,106.47,0,0,0
2026-09-12,36,107.86,0,0,0
2026-09-13,20,110.07,0,10,1
2026-09-14,29,112.99,0,20,0
2026-09-15,23,109.12,0,0,1
2026-09-16,16,110.49,0,0,0
2026-09-17,30,110.26,0,0,0
2026-09-18,10,109.56,0,0,0
2026-09-19,28,105.15,30,10,0
2026-09-20,17,105.48,0,0,1
2026-09-21,29,105.82,0,0,0
2026-09-22,30,109.24,30,0,0
2026-09-23,23,110.48,0,0,1
2026-09-24,22,106.67,0,0,0
2026-09-25,23,114.1,30,0,0
2026-09-26,27,106.13,15,10,1
2026-09-27,9,114.06,0,0,0
2026-09-28,8,112.62,0,0,0
2026-09-29,13,111.55,0,10,1
2026-09-30,32,107.12,15,0,0
2026-10-01,34,111.93,0,0,0
2026-10-02,12,111.33,0,10,0
2026-10-03,34,111.56,0,0,1
2026-10-04,18,109.78,0,0,1
2026-10-05,27,109.95,15,0,0
2026-10-06,22,107.7,0,10,0
2026-10-07,6,108.67,0,0,0
2026-10-08,29,104.82,0,0,0
2026-10-09,28,105.46,0,0,0
2026-10-10,14,109.1,0,10,1
2026-10-11,20,105.13,0,0,1
2026-10-12,29,106.75,0,10,1
2026-10-13,5,106.77,0,10,0
2026-10-14,23,114.27,0,0,0
2026-10-15,24,110.46,15,10,0
2026-10-16,21,108.6,0,0,0
2026-10-17,13,107.73,15,0,1
2026-10-18,21,111.03,0,10,0
2026-10-19,9,109.09,30,0,0
2026-10-20,14,109.64,0,0,1
2026-10-21,18,114.0,0,0,0
2026-10-22,27,105.01,0,0,0
2026-10-23,35,105.8,0,0,0
2026-10-24,17,110.02,0,10,0
2026-10-25,16,110.6,0,0,1
2026-10-26,30,110.84,0,0,0
2026-10-27,19,104.78,30,0,0
2026-10-28,23,112.17,0,0,1
2026-10-29,17,105.8,15,0,0
2026-10-30,13,110.2,15,0,1
2026-10-31,39,106.6,15,0,0
2026-11-01,34,110.45,0,0,0
2026-11-02,36,104.66,15,0,0
2026-11-03,37,108.81,0,0,0
2026-11-04,28,113.53,0,0,0
2026-11-05,26,106.02,0,0,1
2026-11-06,35,105.7,30,0,0
2026-11-07,24,105.08,0,0,0
2026-11-08,31,113.45,15,0,0
2026-11-09,28,110.95,0,0,1
2026-11-10,37,110.93,0,0,0
2026-11-11,14,108.05,0,0,0
2026-11-12,41,109.71,15,0,0
2026-11-13,42,109.9,0,0,0
2026-11-14,21,105.12,0,10,0
2026-11-15,33,109.6,0,0,0
2026-11-16,41,105.46,15,20,0
2026-11-17,38,111.77,0,0,0
2026-11-18,20,108.69,0,0,0
2026-11-19,23,109.34,0,0,0
2026-11-20,46,111.01,0,0,0
2026-11-21,38,113.14,0,0,0
2026-11-22,43,108.75,0,0,0
2026-11-23,47,113.1,15,0,0
2026-11-24,28,113.95,0,0,0
2026-11-25,46,112.02,0,0,0
2026-11-26,38,109.81,0,20,0
2026-11-27,44,109.68,0,10,0
2026-11-28,40,106.35,0,0,1
2026-11-29,46,108.46,0,0,1
2026-11-30,33,109.94,0,0,0
2026-12-01,66,113.38,0,0,0
2026-12-02,51,108.02,30,0,0
2026-12-03,51,106.2,0,10,0
2026-12-04,57,111.41,0,0,0
2026-12-05,70,107.89,0,10,0
2026-12-06,69,110.65,30,0,0
2026-12-07,59,111.24,30,0,0
2026-12-08,50,111.74,15,0,0
2026-12-09,78,107.36,0,0,0
2026-12-10,74,107.16,0,10,0
2026-12-11,51,113.12,0,0,0
2026-12-12,73,109.99,15,10,1
2026-12-13,52,110.35,0,0,1
2026-12-14,56,108.43,0,0,0
2026-12-15,79,108.12,0,0,1
2026-12-16,70,113.8,0,0,0
2026-12-17,82,105.07,15,0,1
2026-12-18,61,113.52,0,0,0
2026-12-19,77,107.99,0,0,0
2026-12-20,65,112.55,0,0,0
2026-12-21,74,112.39,30,0,0
2026-12-22,77,107.56,0,0,0
2026-12-23,69,107.84,15,0,0
2026-12-24,61,105.04,0,0,0
2026-12-25,71,109.28,0,20,0
2026-12-26,77,109.06,0,0,0
2026-12-27,64,110.55,15,0,1
2026-12-28,65,112.35,0,0,0
2026-12-29,78,106.17,15,0,0
2026-12-30,76,105.87,0,0,0
2026-12-31,65,105.35,0,0,1
